Título Original,Título Alternativo,Año,Calificación,Duración (min),Clasificación,Género,Sinopsis,URL,Plataforma
The Shawshank Redemption,Sueño de fuga,1994,9.3,142,B,Drama,"El banquero Andy Dufresne es arrestado por matar a su esposa y amante. Tras una dura adaptación, intenta mejorar las condiciones de la prisión y dar esperanza a sus compañeros.",https://www.imdb.com/title/tt0111161/,Max
The Godfather,El padrino,1972,9.2,175,C,"Crimen, Drama",El patriarca de una organización criminal transfiere el control de su clandestino imperio a su reacio hijo.,https://www.imdb.com/title/tt0068646/,"Netflix, Paramount Plus"
The Dark Knight,Batman: El caballero de la noche,2008,9.0,152,B,"Acción, Crimen, Drama","Cuando el Joker emerge causando caos y violencia en Gotham, el caballero de la noches deberá aceptar una de las pruebas psicológicas y físicas más difíciles para poder luchar con las injusticias del enemigo.",https://www.imdb.com/title/tt0468569/,"Amazon Prime Video, Max"
The Godfather Part II,El padrino (parte II),1974,9.0,202,C,"Crimen, Drama","Relato de la vida temprana y la carrera de Vito Corleone en la ciudad de Nueva York en 1920, mientras que su hijo, Michael, se expande y refuerza su control sobre el sindicato de delitos familiares.",https://www.imdb.com/title/tt0071562/,"Paramount Plus, Claro video"
12 Angry Men,12 hombres en pugna,1957,9.0,96,B,"Crimen, Drama",Un jurado que se retira intenta evitar un error judicial al obligar a sus colegas a reconsiderar la evidencia.,https://www.imdb.com/title/tt0050083/,Ninguna Plataforma
The Lord of the Rings: The Return of the King,El señor de los anillos: El retorno del rey,2003,9.0,201,B,"Aventura, Drama, Fantasía","Gandalf y Aragorn lideran el Mundo de los hombres, e intentarán atraer la atención de Sauron para darle a Frodo la última oportunidad de completar su misión y así tratar de evitar sucumbir a las continuas tentaciones del Anillo.",https://www.imdb.com/title/tt0167260/,"Amazon Prime Video, Max"
Schindler's List,La Lista de Schindler,1993,9.0,195,B15,"Biografía, Drama, Historia","Después de presenciar la persecución judía por parte de los nazis en la Polonia ocupada por los alemanes, el empresario Oskar Schindler se preocupa por su fuerza laboral judía.",https://www.imdb.com/title/tt0108052/,Ninguna Plataforma
Pulp Fiction,Tiempos violentos,1994,8.9,154,C,"Crimen, Drama","Las vidas de dos mafiosos, un boxeador, la esposa de un gánster y un par de bandidos se entrelazan en cuatro historias de violencia y redención.",https://www.imdb.com/title/tt0110912/,Netflix
The Lord of the Rings: The Fellowship of the Ring,El señor de los anillos: La comunidad del anillo,2001,8.9,178,B,"Aventura, Drama, Fantasía",Un Hobbit y ocho compañeros emprendieron un viaje para destruir el poderoso Anillo Único y salvar a la Tierra del Señor Oscuro Sauron.,https://www.imdb.com/title/tt0120737/,"Amazon Prime Video, Max"
"Il buono, il brutto, il cattivo","El bueno, el malo y el feo",1966,8.8,161,C,"Aventura, Oeste",Un estafador de caza recompensas se une a dos hombres en una incómoda alianza en una carrera para encontrar una fortuna en oro enterrada en un cementerio remoto.,https://www.imdb.com/title/tt0060196/,Amazon Prime Video
Forrest Gump,Forrest Gump,1994,8.8,142,13,"Drama, Romance","Las presidencias de Kennedy y Johnson, los eventos de Vietnam, Watergate vistas desde la perspectiva de un hombre de Alabama con un coeficiente intelectual de 75.",https://www.imdb.com/title/tt0109830/,Ninguna Plataforma
The Lord of the Rings: The Two Towers,El señor de los anillos: Las dos torres,2002,8.8,179,B,"Aventura, Drama, Fantasía","Mientras Frodo y Sam se acercan más a Mordor con la ayuda del cambiante Gollum, la comunidad dividida se opone al nuevo aliado de Sauron, Saruman, y sus hordas de Isengard.",https://www.imdb.com/title/tt0167261/,"Amazon Prime Video, Max"
Fight Club,El club de la pelea,1999,8.8,139,C,Drama,"Un hombre deprimido conoce a un fabricante de jabones, y juntos forman un club de pelea clandestino que evoluciona en algo inesperado.",https://www.imdb.com/title/tt0137523/,Disney Plus
Inception,El origen,2010,8.8,148,B,"Acción, Aventura, Ciencia ficción","A un ladrón que roba secretos corporativos a través de la tecnología de entrar en el subconsciente, se le da la tarea de implantar una idea en la mente del jefe de una gran empresa.",https://www.imdb.com/title/tt1375666/,Max
Star Wars: Episode V - The Empire Strikes Back,El imperio contraataca,1980,8.7,124,AA,"Acción, Aventura, Fantasía","Los rebeldes han vencido al Imperio en el planeta helado Hoth. Luke Skywalker empieza a entrenar como Jedi con Yoda, mientras sus amigos son perseguidos por Darth Vader.",https://www.imdb.com/title/tt0080684/,Disney Plus
The Matrix,Matrix,1999,8.7,136,B,"Acción, Ciencia ficción",Un hacker se da cuenta por medio de otros rebeldes de la naturaleza de su realidad y su rol en la guerra contra los controladores.,https://www.imdb.com/title/tt0133093/,"Amazon Prime Video, Max"
GoodFellas,Buenos muchachos,1990,8.7,145,C,"Biografía, Crimen, Drama","La historia de Henry Hill y su vida en la mafia, que narra la relación con su esposa Karen Hill y sus compañeros de la mafia Jimmy Conway y Tommy DeVito en el sindicato del crimen italo-estadounidense.",https://www.imdb.com/title/tt0099685/,Max
One Flew Over the Cuckoo's Nest,Atrapado sin salida,1975,8.7,133,B,Drama,"Un criminal alega locura tras volver a meterse en problemas. Una vez en la institución mental, se rebela contra una opresiva enfermera y moviliza a los pacientes que tienen atemorizados.",https://www.imdb.com/title/tt0073486/,Ninguna Plataforma
Interstellar,Interestelar,2014,8.7,169,B,"Aventura, Drama, Ciencia ficción",Un grupo de exploradores prueban los saltos a través de agujeros de gusano en búsqueda de la sobrevivencia de la humanidad.,https://www.imdb.com/title/tt0816692/,"Amazon Prime Video, Max"
Se7en,Seven,1995,8.6,127,B15,"Crimen, Drama, Misterio","Dos detectives, un novato y un veterano, cazan a un asesino en serie que usa los siete pecados capitales como móvil de sus asesinatos.",https://www.imdb.com/title/tt0114369/,Max
It's a Wonderful Life,¡Qué bello es vivir!,1946,8.6,130,A,"Drama, Familia, Fantasía","Un ángel es enviado por los cielos para ayudar a un hombre de negocios desesperado en su frustración, y le muestra como sería la vida si nunca hubiese existido.",https://www.imdb.com/title/tt0038650/,Ninguna Plataforma
Shichinin no samurai,Los siete samuráis,1954,8.6,207,B,"Acción, Drama",Un pobre pueblo bajo la amenaza de unos bandidos recluta a siete samuráis para ayudarles a defenderse.,https://www.imdb.com/title/tt0047478/,Ninguna Plataforma
The Silence of the Lambs,El silencio de los inocentes,1991,8.6,118,C,"Crimen, Drama, Terror","Una joven del FBI busca la ayuda de un asesino caníbal y manipulador, con el fin de atrapar a otro asesino en serie, un loco que despelleja a sus víctimas.",https://www.imdb.com/title/tt0102926/,Ninguna Plataforma
Saving Private Ryan,Rescatando al soldado Ryan,1998,8.6,169,B,"Drama, Guerra","Después de llegar a Normandía, un grupo de soldados norteamericanos cruzan líneas enemigas para buscar a un paracaidista cuyos hermanos han muerto en batalla.",https://www.imdb.com/title/tt0120815/,Netflix
Cidade de Deus,Ciudad de Dios,2002,8.6,130,C,"Crimen, Drama","Ambientado en las Favelas de Río de Janeiro, los caminos de dos niños se entrecruzan cuando uno lucha por convertirse en fotógrafo y el otro en un capo.",https://www.imdb.com/title/tt0317248/,Max
The Green Mile,Milagros inesperados,1999,8.6,189,B,"Crimen, Drama, Fantasía","La vida de los guardias en el corredor de la muerte se ve afectada por uno de los reclusos: un hombre negro acusado de violar y asesinar a un niño, pero que tiene un misterioso don.",https://www.imdb.com/title/tt0120689/,Ninguna Plataforma
La vita è bella,La vida es bella,1997,8.6,116,B,"Comedia, Drama, Romance","Cuando un bibliotecario judío y su hijo se convierten en víctimas del Holocausto, él usará una mezcla perfecta de voluntad, humor e imaginación para proteger a su hijo de los peligros que rodean en el campo de concentración.",https://www.imdb.com/title/tt0118799/,Netflix
Terminator 2: Judgment Day,Terminator 2: Juicio final,1991,8.6,137,B,"Acción, Aventura, Ciencia ficción","Un cyborg, idéntico al que fracasó al asesinar a Sarah Connor, ahora debe proteger al hijo adolescente de un cyborg más avanzado y poderoso.",https://www.imdb.com/title/tt0103064/,"Amazon Prime Video, Netflix"
Star Wars,La guerra de las galaxias,1977,8.6,121,AA,"Acción, Aventura, Fantasía","Luke Skywalker une fuerzas con un Caballero Jedi, un piloto arrogante, un wookie y dos droides para salvar a la galaxia de la estación de batalla del Imperio que destruye el mundo, mientras intenta rescatar a la Princesa Leia del misterioso Darth Vader.",https://www.imdb.com/title/tt0076759/,Disney Plus
Back to the Future,Volver al futuro,1985,8.5,116,A,"Aventura, Comedia, Ciencia ficción","Marty McFly, un estudiante de 17 años, es enviado accidentalmente treinta años al pasado en un artefacto inventado por su amigo.",https://www.imdb.com/title/tt0088763/,"Amazon Prime Video, Netflix, Claro video"
Sen to Chihiro no kamikakushi,El viaje de Chihiro,2001,8.6,124,A,"Animación, Aventura, Familia","Durante el traslado de su familia a los suburbios, una niña de 10 años se adentra en un mundo gobernado por dioses, brujas y espíritus, y donde los humanos se convierten en bestias.",https://www.imdb.com/title/tt0245429/,Netflix
The Pianist,El pianista,2002,8.5,150,PG-13,"Biografía, Drama, Música",Un músico judío-polaco lucha por sobrevivir a la destrucción del gueto de Varsovia en la Segunda Guerra Mundial.,https://www.imdb.com/title/tt0253474/,Netflix
Gladiator,Gladiador,2000,8.5,155,B15,"Acción, Aventura, Drama",Un ex general romano se propone vengarse del corrupto emperador que asesinó a su familia y lo envió a la esclavitud.,https://www.imdb.com/title/tt0172495/,"Amazon Prime Video, Netflix, Claro video"
Gisaengchung,Parásitos,2019,8.5,132,B15,"Drama, Suspenso","Desempleados, la familia de Ki-taek toma interés en la acaudalada y glamorosa vida de los Park, hasta que se ven envueltos en un inesperado incidente.",https://www.imdb.com/title/tt6751668/,"Amazon Prime Video, Max"
Psycho,Psicosis,1960,8.5,109,B15,"Terror, Misterio, Suspenso","Una secretaria de Phoenix malversa cuarenta mil dólares de un cliente, se da a la fuga y se registra en un motel remoto administrado por un joven con una controladora madre.",https://www.imdb.com/title/tt0054215/,"Max, Claro video"
The Lion King,El rey león,1994,8.5,88,AA,"Animación, Aventura, Drama","El pequeño león Simba, príncipe heredero, es engañado por su malvado tío, quien desea el trono para sí mismo.",https://www.imdb.com/title/tt0110357/,Disney Plus
Hotaru no haka,La tumba de las luciérnagas,1988,8.5,88,B,"Animación, Drama, Guerra",Un muchacho y su hermana pequeña intentan sobrevivir en Japón durante la Segunda Guerra Mundial.,https://www.imdb.com/title/tt0095327/,Netflix
The Departed,Los infiltrados,2006,8.5,151,C,"Crimen, Drama, Suspenso",Un policía encubierto y un topo en la policía intentan identificarse mientras se infiltran en una pandilla irlandesa en el sur de Boston.,https://www.imdb.com/title/tt0407887/,"Amazon Prime Video, Max"
Whiplash,Whiplash. Música y obsesión,2014,8.5,106,B,"Drama, Música",Un joven y prometedor baterista se inscribe en un conservatorio de música feroz donde sus sueños de grandeza son guiados por un instructor que no se detendrá ante nada para darse cuenta del potencial de un estudiante.,https://www.imdb.com/title/tt2582802/,Max
Seppuku,Harakiri,1962,8.6,133,B,"Drama, Misterio",Un viejo samurái llega a la casa de un señor feudal y pide un lugar honorable donde poder suicidarse.,https://www.imdb.com/title/tt0056058/,Ninguna Plataforma
American History X,Historia americana X,1998,8.5,119,C,"Crimen, Drama",Un ex skinhead neonazi intenta evitar que su hermano menor tome el mismo camino equivocado que él.,https://www.imdb.com/title/tt0120586/,Amazon Prime Video
The Prestige,El gran truco,2006,8.5,130,B,"Drama, Misterio, Ciencia ficción","Tras un trágico accidente, dos magos se envuelven en la competencia para crear la más espectacular ilusión, aún si ello significa sacrificar todo lo que tienen.",https://www.imdb.com/title/tt0482571/,Ninguna Plataforma
Léon,El perfecto asesino,1994,8.5,110,C,"Acción, Crimen, Drama","Una niña de 12 años llamada Mathilda, es acogida por Léon, un asesino profesional, después de que su familia es asesinada. Léon y Mathilda forman una relación inusual, ya que ella se convierte en su protegida.",https://www.imdb.com/title/tt0110413/,Ninguna Plataforma
Spider-Man: Across the Spider-Verse,Spider-Man: A Través Del Spider-Verso,2023,8.5,140,A,"Animación, Acción, Aventura","Miles Morales regresa para el próximo capítulo de la saga ganadora de un Oscar, una aventura épica que transportará a Brooklyn a tiempo completo.",https://www.imdb.com/title/tt9362722/,Amazon Prime Video
Casablanca,Casablanca,1942,8.5,102,B,"Drama, Romance, Guerra",El escéptico propietario de un club nocturno protege a un antiguo amor y a su marido de los nazis en Marruecos.,https://www.imdb.com/title/tt0034583/,Ninguna Plataforma
The Usual Suspects,Sospechosos comunes,1995,8.5,106,B15,"Crimen, Drama, Misterio","Un agente especial de aduanas de Estados Unidos investiga las causas del incendio de un barco en Los Ángeles, cuyo único sobreviviente relata los eventos que condujeron a la desgracia.",https://www.imdb.com/title/tt0114814/,Ninguna Plataforma
Intouchables,Amigos,2011,8.5,112,B,"Comedia, Drama","Después de quedar cuadripléjico a causa de un accidente de parapente, un aristócrata contrata a un joven de los proyectos para que sea su cuidador.",https://www.imdb.com/title/tt1675434/,Amazon Prime Video
Nuovo Cinema Paradiso,Cinema Paradiso,1988,8.5,174,A,"Drama, Romance",Un cineasta recuerda su infancia al enamorarse de las imágenes en el cine de su pueblo natal y forma una profunda amistad con el proyeccionista del cine.,https://www.imdb.com/title/tt0095765/,Ninguna Plataforma
Modern Times,Tiempos modernos,1936,8.5,87,A,"Comedia, Drama, Romance",Una hombre y una joven sin hogar se enfrentan a la vida moderna en las calles de la sociedad industrial.,https://www.imdb.com/title/tt0027977/,Ninguna Plataforma
Alien,"Alien, el octavo pasajero",1979,8.5,117,B,"Terror, Ciencia ficción","Cuando un barco mercante espacial percibe una transmisión desconocida como una llamada de socorro, un miembro de la tripulación es atacado por una misteriosa forma de vida. Pronto se dan cuenta de que su ciclo vital acaba de comenzar.",https://www.imdb.com/title/tt0078748/,Disney Plus
Rear Window,La ventana indiscreta,1954,8.5,112,R,"Drama, Misterio, Suspenso",Un fotógrafo en silla de ruedas espía a sus vecinos desde la ventana de su apartamento y está convencido que uno de ellos cometío un asesinato.,https://www.imdb.com/title/tt0047396/,Max
C'era una volta il West,Érase una vez en el oeste,1968,8.5,166,B,"Drama, Oeste",Un misterioso extraño con una armónica se alía con un famoso forajido para proteger a una bella viuda de un despiadado asesino que trabaja para el ferrocarril.,https://www.imdb.com/title/tt0064116/,Netflix
Django Unchained,Django sin cadenas,2012,8.5,165,B15,Oeste,"Con la ayuda de un cazarrecompensas alemán, un esclavo liberado sale a rescatar a su esposa de un brutal terrateniente en Mississippi.",https://www.imdb.com/title/tt1853728/,Netflix
City Lights,Luces de la ciudad,1931,8.5,87,A,"Comedia, Drama, Romance","Con la ayuda de un hombre adinerado, borracho e imprevisible, un ingenuo vagabundo que se ha enamorado de una florista ciega intenta conseguir dinero para poder proporcionarle ayuda médica.",https://www.imdb.com/title/tt0021749/,Ninguna Plataforma
Apocalypse Now,Apocalipsis,1979,8.4,147,C,"Drama, Misterio, Guerra",Un soldado de los Estados Unidos en Vietnam es mandado a asesinar a un coronel de las fuerzas especiales que se cree un dios.,https://www.imdb.com/title/tt0078788/,Ninguna Plataforma
Dune: Part Two,Duna: Parte Dos,2024,8.5,166,B,"Acción, Aventura, Drama",Paul Atreides se une a Chani y los Fremen mientras busca venganza contra los conspiradores que destruyeron a su familia.,https://www.imdb.com/title/tt15239678/,Max
Memento,Amnesia,2000,8.4,113,B,"Misterio, Suspenso",Un hombre con pérdida de memoria a corto plazo intenta rastrear al asesino de su esposa.,https://www.imdb.com/title/tt0209144/,"MUBI, Pluto TV"
WALL·E,WALL·E,2008,8.4,98,AA,"Animación, Aventura, Familia","En un futuro lejano, un pequeño robot limpiador se embarca en una odisea espacial que decidirá el futuro de la humanidad",https://www.imdb.com/title/tt0910970/,Disney Plus
Raiders of the Lost Ark,Los cazadores del arca perdida,1981,8.4,115,A,"Acción, Aventura","En 1936, el arqueólogo y aventurero Indiana Jones es contratado por el gobierno de Estados Unidos para encontrar el Arca de la Alianza antes de que lo hagan los nazis de Adolf Hitler.",https://www.imdb.com/title/tt0082971/,"Paramount Plus, Claro video"
Das Leben der Anderen,La vida de los otros,2006,8.4,137,B15,"Drama, Misterio, Suspenso","En el este de Berlín en 1984, un agente de la policía secreta que vigila a un escritor y su amante, se encuentra cada vez más inmerso en sus vidas.",https://www.imdb.com/title/tt0405094/,Ninguna Plataforma
Avengers: Infinity War,Avengers: Infinity War,2018,8.4,149,B,"Acción, Aventura, Ciencia ficción",Los Avengers y sus aliados deberán estar dispuestos a sacrificarlo todo con el fin de derrotar a Thanos antes de que él ponga fin al universo.,https://www.imdb.com/title/tt4154756/,Disney Plus
Sunset Boulevard,El ocaso de una vida,1950,8.4,110,B,"Drama, Cine negro",Un guionista es contratado para reescribir el guion de una estrella de cine mudo en decadencia y acaba desarrollando una peligrosa relación.,https://www.imdb.com/title/tt0043014/,Ninguna Plataforma
Spider-Man: Into the Spider-Verse,Spider-Man: Un nuevo universo,2018,8.4,117,A,"Animación, Acción, Aventura",El adolescente Miles Morales es el Spider-Man de su propia realidad y se encontrará con otros como él de otras dimensiones para combatir una amenaza que acecha a todas las realidades.,https://www.imdb.com/title/tt4633694/,"Amazon Prime Video, Netflix, Claro video"
Paths of Glory,Patrulla infernal,1957,8.4,88,B,"Drama, Guerra",Un grupo de soldados son acusados de cobardía por su general cuando rechazan atacar una posición enemiga; su oficial al mando les defiende.,https://www.imdb.com/title/tt0050825/,Ninguna Plataforma
Witness for the Prosecution,Testigo de cargo,1957,8.4,116,A,"Crimen, Drama, Misterio",Un veterano abogado británico debe defender a su cliente en un juicio por asesinato en el que surge una sorpresa tras otra.,https://www.imdb.com/title/tt0051201/,Ninguna Plataforma
The Shining,El resplandor,1980,8.4,146,C,"Drama, Terror","Una familia se dirige a un hotel aislado para el invierno donde una presencia siniestra influye en la violencia del padre, mientras que su hijo psíquico ve horripilantes presentimientos tanto del pasado como del futuro.",https://www.imdb.com/title/tt0081505/,Max
The Great Dictator,El gran dictador,1940,8.4,125,AA,"Comedia, Drama, Guerra",El dictador Adenoid Hynkel trata de expandir su imperio mientras un humilde barbero judío intenta escapar de la persecución del régimen de Hynkel.,https://www.imdb.com/title/tt0032553/,Ninguna Plataforma
12th Fail,12th Fail,2023,8.8,147,Desconocido,"Biografía, Drama",La historia real del oficial del IPS Manoj Kumar Sharma y la oficial del IRS Shraddha Joshi.,https://www.imdb.com/title/tt23849204/,Netflix
Aliens,Alien 2: El regreso,1986,8.4,137,C,"Acción, Aventura, Terror","Ellen Ripley es rescatada por un equipo de salvación tras permanecer en un hipersueño durante 57 años. La luna visitada por Nostromo ha sido colonizada, pero el contacto se ha perdido. Esta vez, los marines coloniales tienen una potencia de fuego impresionante, pero ¿será suficiente?",https://www.imdb.com/title/tt0090605/,Disney Plus
Inglourious Basterds,Bastardos sin gloria,2009,8.4,153,B15,"Aventura, Drama, Guerra","En la Francia ocupada por los nazis durante la Segunda Guerra Mundial, el plan para asesinar a líderes nazis por un grupo de soldados judíos de los Estados Unidos, coincide con el dueño de un teatro que planea lo mismo.",https://www.imdb.com/title/tt0361748/,"Amazon Prime Video, Max, Netflix"
The Dark Knight Rises,Batman: El caballero de la noche asciende,2012,8.4,164,B,"Acción, Drama, Suspenso","Ocho años después de la anarquía del Joker, Batman, con la ayuda de la enigmática Catwoman, se ve obligado a abandonar su exilio para salvar Gotham City, ahora al borde de la aniquilación total causada por el brutal guerrillero terrorista Bane.",https://www.imdb.com/title/tt1345836/,Max
Coco,Coco,2017,8.4,105,A,"Animación, Aventura, Drama","El aspirante a músico Miguel, entra a la Tierra de los Muertos para encontrar a su tatarabuelo, un legendario cantante.",https://www.imdb.com/title/tt2380307/,Disney Plus
Amadeus,Amadeus,1984,8.4,160,B,"Biografía, Drama, Música","La vida, el éxito y los problemas de Wolfgang Amadeus Mozart, contada desde el punto de vista de Antonio Salieri, quien estaba locamente celoso del talento de Mozart y afirmó haberlo asesinado.",https://www.imdb.com/title/tt0086879/,Ninguna Plataforma
Toy Story,Toy Story,1995,8.3,81,AA,"Animación, Aventura, Comedia",Un vaquero se siente profundamente amenazado y celoso cuando un nuevo astronauta lo reemplaza como el mejor juguete en la habitación de un niño.,https://www.imdb.com/title/tt0114709/,Disney Plus
Avengers: Endgame,Avengers: Endgame,2019,8.4,181,B,"Acción, Aventura, Ciencia ficción","Tras los devastadores sucesos de Avengers: Infinity War, el universo está en ruinas pero de los que quedan, los Avengers se unirán una vez más para deshacer la destrucción de Thanos y restaurar el orden del mundo.",https://www.imdb.com/title/tt4154796/,Disney Plus
Good Will Hunting,Mente indomable,1997,8.3,126,B,"Drama, Romance","Will Hunting, un conserje del MIT, tiene un don para las matemáticas, pero necesitará la ayuda de un psicólogo para encontrar orientación en su vida.",https://www.imdb.com/title/tt0119217/,Ninguna Plataforma
Oldeuboi,Cinco días para vengarse,2003,8.3,120,C,"Acción, Drama, Misterio","Después de ser secuestrado y encarcelado durante quince años, un hombre es liberado, solo para descubrir que debe encontrar al que lo capturó en cinco días.",https://www.imdb.com/title/tt0364569/,MUBI
Dr. Strangelove or: How I Learned to Stop Worrying and Love the Bomb,Dr. Insólito,1964,8.3,95,B,"Comedia, Guerra",Un general provoca un potencial holocausto nuclear que una sala de guerra llena de políticos y generales intenta frenéticamente detener.,https://www.imdb.com/title/tt0057012/,Ninguna Plataforma
American Beauty,Belleza americana,1999,8.3,122,C,Drama,Un padre de clase media sexualmente frustrado sufre una crisis de los 40 tras enamorarse de la mejor amiga de su hija.,https://www.imdb.com/title/tt0169547/,Ninguna Plataforma
Das Boot,El submarino,1981,8.4,149,B,"Drama, Guerra","El claustrofóbico mundo de un submarino de la Segunda Guerra Mundial, lleno de aburrimiento, suciedad y terror.",https://www.imdb.com/title/tt0082096/,Ninguna Plataforma
Braveheart,Corazón valiente,1995,8.3,178,C,"Biografía, Drama, Guerra",El guerrero escocés William Wallace guía a sus compatriotas en la rebelión para liberar a su tierra contra la tiranía del rey Eduardo I de Inglaterra.,https://www.imdb.com/title/tt0112573/,Disney Plus
Mononoke-hime,La princesa Mononoke,1997,8.3,133,B,"Animación, Aventura, Fantasía","En un viaje para descubrir la cura de la maldición de Tatarigami, Ashitaka se encuentra en medio de una guerra entre los dioses del bosque y Tatara, una colonia minera. En esta búsqueda también conoce a San, la Princesa Mononoke.",https://www.imdb.com/title/tt0119698/,Netflix
Kimi no na wa.,Your Name.,2016,8.4,106,A,"Animación, Drama, Fantasía","Dos extraños se encuentran vinculados de una manera extraña, pero, cuando se forma una conexión, ¿será la distancia lo único que los mantendrá separados?",https://www.imdb.com/title/tt5311514/,Crunchyroll
Tengoku to jigoku,Cielo e infierno,1963,8.4,143,18+,"Crimen, Drama, Misterio",Un ejecutivo de una compañía zapatera es víctima de un chantaje: el hijo de su chófer es secuestrado y piden un rescate por él.,https://www.imdb.com/title/tt0057565/,Ninguna Plataforma
3 Idiots,3 Idiots,2009,8.4,170,0+,"Comedia, Drama","Dos amigos buscan a su compañero perdido. Recuerdan sus días de universidad y como su amigo les inspiró a pensar de forma diferente, incluso cuando el resto del mundo los llamó ""idiotas"".",https://www.imdb.com/title/tt1187043/,Ninguna Plataforma
Joker,Guasón,2019,8.3,122,B15,"Crimen, Drama, Suspenso","En Ciudad Gótica, Arthur Fleck, un comediante con problemas mentales, es marginado y maltratado por la sociedad. Esto lo lleva a descender a un espiral de revuelta y crimen donde conoce a su alter-ego: El Joker.",https://www.imdb.com/title/tt7286456/,Max
Once Upon a Time in America,Érase una vez en América,1984,8.3,229,C,"Crimen, Drama","Un exgánster judío de la época de la Ley seca regresa a Manhattan más de treinta años después, donde una vez más debe enfrentarse a los fantasmas y arrepentimientos de su antigua vida.",https://www.imdb.com/title/tt0087843/,Disney Plus
Capharnaüm,Cafarnaúm: la ciudad olvidada,2018,8.4,126,B,Drama,"Mientras cumple una sentencia de cinco años por un crimen violento, un niño de 12 años demanda a sus padres por negligencia.",https://www.imdb.com/title/tt8267604/,Ninguna Plataforma
Singin' in the Rain,Cantando bajo la lluvia,1952,8.3,103,A,"Comedia, Musical, Romance",Una compañía de cine mudo pasa a incorporar sonido.,https://www.imdb.com/title/tt0045152/,Max
Idi i smotri,Ven y mira,1985,8.3,142,B15,"Drama, Suspenso, Guerra","Después de encontrar un viejo rifle, un joven se une al movimiento de resistencia soviético contra las despiadadas fuerzas alemanas y experimenta los horrores de la Segunda Guerra Mundial.",https://www.imdb.com/title/tt0091251/,Ninguna Plataforma
Requiem for a Dream,Réquiem por un sueño,2000,8.3,102,C,Drama,Las utopías inducidas por las drogas en cuatro personas de Coney Island se rompen cuando sus adicciones son profundas.,https://www.imdb.com/title/tt0180093/,Ninguna Plataforma
Toy Story 3,Toy Story 3,2010,8.3,103,AA,"Animación, Aventura, Comedia","Los juguetes terminan por error en una guardería en lugar del ático de Andy, justo antes que este se vaya a la universidad. Ahora dependerá de Woody convencer a los otros juguetes de que no fueron abandonados y regresar a casa.",https://www.imdb.com/title/tt0435761/,Disney Plus
Star Wars: Episode VI - Return of the Jedi,El regreso del jedi,1983,8.3,131,A,"Acción, Aventura, Fantasía","Tras una atrevida misión para rescatar a Han Solo de la cabaña de Jabba, los rebeldes parten hacían Endor para destruir la más poderosa Estrella de la Muerte. Mientras tanto, Luke intenta traer a Darth Vader de vuelta del lado oscuro, sin caer en la trampa del Emperador.",https://www.imdb.com/title/tt0086190/,Disney Plus
Jagten,La caza,2012,8.3,115,B,Drama,"Un profesor vive una vida solitaria mientras lidia con la batalla por la custodia de su hijo. Su suerte parece mejorar cuando encuentra el amor, pero pronto vera su vida echa añicos a causa de una pequeña mentira piadosa.",https://www.imdb.com/title/tt2106476/,Ninguna Plataforma
Eternal Sunshine of the Spotless Mind,Eterno resplandor de una mente sin recuerdos,2004,8.3,108,B15,"Drama, Romance, Ciencia ficción","Cuando su relación se vuelve amarga, una pareja se somete a un procedimiento médico para borrarse mutuamente sus recuerdos.",https://www.imdb.com/title/tt0338013/,"Amazon Prime Video, Max, Netflix"
Ikiru,Vivir,1952,8.3,143,A,Drama,Un burócrata trata de encontrar el significado de la vida tras descubrir que tiene un cáncer terminal.,https://www.imdb.com/title/tt0044741/,Ninguna Plataforma
2001: A Space Odyssey,2001. Odisea del espacio,1968,8.3,149,B,"Aventura, Ciencia ficción","Después de descubrir un artefacto misterioso enterrado debajo de la superficie lunar, la humanidad emprende una búsqueda para encontrar sus orígenes con la ayuda de una supercomputadora inteligente.",https://www.imdb.com/title/tt0062622/,Max
Reservoir Dogs,Perros de reserva,1992,8.3,99,C,"Crimen, Suspenso","Cuando un robo de joyas sale terriblemente mal, los criminales comienzan a sospechar que uno de ellos es un informante de la policía.",https://www.imdb.com/title/tt0105236/,Amazon Prime Video
The Apartment,Piso de soltero,1960,8.3,125,B,"Comedia, Drama, Romance",Un hombre intenta ascender en su compañía dejando que sus ejecutivos usen su departamento para citas.,https://www.imdb.com/title/tt0053604/,Amazon Prime Video
Incendies,La mujer que cantaba,2010,8.3,131,B15,"Drama, Misterio, Guerra",Los gemelos viajan a Medio Oriente para descubrir su historia familiar y cumplir los últimos deseos de su madre.,https://www.imdb.com/title/tt1255953/,MUBI
Lawrence of Arabia,Lawrence de Arabia,1962,8.3,227,B,"Aventura, Biografía, Drama","La historia de T. E. Lawrence, el oficial inglés que consiguió unir y liderar a varias tribus árabes, a menudo beligerantes, durante la Primera Guerra Mundial para luchar contra los turcos.",https://www.imdb.com/title/tt0056172/,Ninguna Plataforma
Scarface,Caracortada,1983,8.3,170,C,"Crimen, Drama",Un inmigrante cubano decidido se hace cargo de un cartel de la droga y sucumbe a la codicia en un filme ambientado en Miami en los años 80.,https://www.imdb.com/title/tt0086250/,"Amazon Prime Video, Netflix, Claro video"
Double Indemnity,Pacto de sangre,1944,8.3,107,B,"Crimen, Drama, Cine negro","Un agente de seguros se deja convencer de un plan de asesinato y fraude, que despierta la sospecha de un investigador.",https://www.imdb.com/title/tt0036775/,Ninguna Plataforma
North by Northwest,Intriga Internacional,1959,8.3,136,B,"Aventura, Drama, Misterio",Un ejecutivo de publicidad debe darse a la fuga cuando unos espías extranjeros le toman por un agente federal.,https://www.imdb.com/title/tt0053125/,Ninguna Plataforma
Heat,Fuego contra fuego,1995,8.3,170,C,"Acción, Crimen, Drama",Un grupo de ladrones de banco profesionales sabe que tiene a la policía en los talones tras dejar una pista en su último robo por error.,https://www.imdb.com/title/tt0113277/,"Disney Plus, Pluto TV"
Citizen Kane,El Ciudadano Kane,1941,8.3,119,B,"Drama, Misterio","Tras la muerte de un magnate de la industria editorial, los periodistas se apresuran a descubrir el significado de la última palabra que pronunció.",https://www.imdb.com/title/tt0033467/,Ninguna Plataforma
Up,"Up, una aventura de altura",2009,8.3,96,AA,"Animación, Aventura, Comedia","Carl Fredricksen, de 78 años, viaja a Paradise Falls en su casa, llevada por globos, e inadvertidamente se lleva consigo a un joven chico.",https://www.imdb.com/title/tt1049413/,Disney Plus
M - Eine Stadt sucht einen Mörder,M el Maldito,1931,8.3,117,B,"Crimen, Misterio, Suspenso","Cuando la policía de una ciudad alemana no es capaz de atrapar a un asesino de niños, otros criminales deciden participar en la búsqueda.",https://www.imdb.com/title/tt0022100/,Ninguna Plataforma
Full Metal Jacket,Cara de guerra,1987,8.2,116,C,"Drama, Guerra",Un pragmático infante de marina de los Estados Unidos observa los efectos deshumanizantes que tiene la guerra de Vietnam sobre sus compañeros reclutas.,https://www.imdb.com/title/tt0093058/,Ninguna Plataforma
Vertigo,Vértigo,1958,8.3,128,B15,"Misterio, Romance, Suspenso",Un expolicía lucha contra sus demonios al tiempo que se obsesiona con una preciosa mujer.,https://www.imdb.com/title/tt0052357/,Max
Le fabuleux destin d'Amélie Poulain,Amélie,2001,8.3,122,B,"Comedia, Romance","Amelie es una parisina inocente e ingenua, decide ayudar a aquellos a su alrededor, y encuentra el amor en el proceso.",https://www.imdb.com/title/tt0211915/,Ninguna Plataforma
A Clockwork Orange,Naranja mecánica,1971,8.2,136,C,"Crimen, Ciencia ficción","En el futuro, un sádico líder de pandilla es encarcelado y se ofrece como voluntario para un experimento, pero no sale como estaba planeado.",https://www.imdb.com/title/tt0066921/,Max
Jodaeiye Nader az Simin,Una separación,2011,8.3,123,B,Drama,Una pareja casada se enfrenta a una decisión difícil: mejorar la vida de su hijo mudándose a otro país o quedándose en Irán y cuidando a un padre demente que padece de Alzheimer.,https://www.imdb.com/title/tt1832382/,Amazon Prime Video
To Kill a Mockingbird,Matar a un Ruiseñor,1962,8.3,129,B,"Crimen, Drama","Atticus Finch, un abogado sureño durante la Gran Depresión, defiende a un hombre negro contra un falso cargo de violación.",https://www.imdb.com/title/tt0056592/,Ninguna Plataforma
Oppenheimer,Oppenheimer,2023,8.3,180,B15,"Biografía, Drama, Historia",La historia del científico estadounidense J. Robert Oppenheimer y su papel en el desarrollo de la bomba atómica.,https://www.imdb.com/title/tt15398776/,"Max, Claro video"
Die Hard,Duro de matar,1988,8.2,132,C,"Acción, Suspenso","John McClane, agente del departamento de policía de Nueva York, intenta salvar a su mujer, Holly Gennaro, y a otras personas del terrorista alemán, Hans Gruber.",https://www.imdb.com/title/tt0095016/,Disney Plus
The Sting,El golpe,1973,8.3,129,13,"Comedia, Crimen, Drama",Dos estafadores forman equipo para dar un golpe.,https://www.imdb.com/title/tt0070735/,Ninguna Plataforma
Taare Zameen Par,Like stars on Earth,2007,8.3,162,PG,"Drama, Familia","Un niño de ocho años es visto como un alborotador y un vago, hasta que el nuevo maestro de arte tiene la paciencia y la compasión para descubrir el verdadero problema detrás de sus dificultades en la escuela.",https://www.imdb.com/title/tt0986264/,Ninguna Plataforma
Indiana Jones and the Last Crusade,Indiana Jones y la última cruzada,1989,8.2,127,A,"Acción, Aventura","En 1938, después de la desaparición de su padre el profesor Henry Jones en su búsqueda del Santo Grial, Indiana Jones se enfrenta de nuevo a los Nazis para que evitar que obtengan sus poderes.",https://www.imdb.com/title/tt0097576/,"Netflix, Paramount Plus, Claro video"
Metropolis,Metrópolis,1927,8.3,153,A,"Drama, Ciencia ficción","En una ciudad futurista dividida entre la clase trabajadora y los planificadores de la misma, el hijo de un magnate se enamora de una profeta que predice la llegada de un salvador.",https://www.imdb.com/title/tt0017136/,Ninguna Plataforma
Snatch,Snatch. Cerdos y diamantes,2000,8.2,104,B,"Comedia, Crimen","En la lucha para localizar un diamante robado que no tiene precio, boxeadores, corredores de apuesta, un gángster ruso, y un joyero judío deberán enfrentarse.",https://www.imdb.com/title/tt0208092/,Max
1917,1917,2019,8.2,119,B,"Acción, Drama, Guerra",Dos soldados británicos se embarcan en una peligrosa misión para salvar a 1.600 hombres de una condena segura durante la Primera Guerra Mundial.,https://www.imdb.com/title/tt8579674/,Ninguna Plataforma
L.A. Confidential,Los Ángeles al desnudo,1997,8.2,138,C,"Crimen, Drama, Misterio",La corrupción crece en Los Ángeles en los 50. Tres policías investigan una serie de asesinatos con su propia marca de justicia.,https://www.imdb.com/title/tt0119488/,"Disney Plus, Pluto TV"
Ladri di biciclette,Ladrones de bicicletas,1948,8.2,89,12+,Drama,"En la Italia de la posguerra, le roban la bicicleta a un hombre de clase trabajadora. Él y su hijo salen a buscarlo.",https://www.imdb.com/title/tt0040522/,Ninguna Plataforma
Der Untergang,La caída,2004,8.2,156,C,"Biografía, Drama, Historia",La última secretaria de Hitler relata sus últimos días en su bunker de Berlín al final de la Segunda Guerra Mundial.,https://www.imdb.com/title/tt0363163/,Ninguna Plataforma
Dangal,Dangal,2016,8.3,161,13,"Acción, Biografía, Drama",Luchador Mahavir y sus hijas luchadoras buscan la gloria contra la opresión social en los juegos de la Commonwealth.,https://www.imdb.com/title/tt5074352/,Ninguna Plataforma
Taxi Driver,Taxi Driver,1976,8.2,114,C,"Crimen, Drama","Un veterano de Vietnam mentalmente inestable trabaja como conductor de taxi en Nueva York, donde la decadencia alimenta su necesidad de violencia, intentando liberar a un trabajador de campaña presidencial y una prostituta menor de edad.",https://www.imdb.com/title/tt0075314/,Ninguna Plataforma
Hamilton,Hamilton,2020,8.3,160,16,"Biografía, Drama, Historia","La historia de uno de los padres fundadores de los Estados Unidos, Alexander Hamilton, rodada en directo en Broadway con el reparto original.",https://www.imdb.com/title/tt8503618/,Disney Plus
The Wolf of Wall Street,El lobo de Wall Street,2013,8.2,180,C,"Biografía, Comedia, Crimen","Se basa en la verdadera historia de Jordan Belfort, desde su ascenso como corredor de bolsa hasta su fracaso implicado en crimen y corrupción con el gobierno federal de los Estados Unidos.",https://www.imdb.com/title/tt0993846/,"Amazon Prime Video, Max"
Batman Begins,Batman inicia,2005,8.2,140,B,"Acción, Drama","Después de entrenar con su mentor, Batman comienza su lucha para liberar a Gotham City de la corrupción.",https://www.imdb.com/title/tt0372784/,"Amazon Prime Video, Max"
Green Book,Green Book. Una amistad sin fronteras,2018,8.2,130,B,"Biografía, Comedia, Drama","Un portero italo-americano de clase media se convierte en el chofer de un pianista afroamericano, a lo largo de tour por el sur de los Estados Unidos en los años sesenta.",https://www.imdb.com/title/tt6966692/,Amazon Prime Video
Per qualche dollaro in più,Por unos dólares más,1965,8.2,132,R,"Drama, Oeste",Dos cazarrecompensas con las mismas intenciones se unen para encontrar a un forajido occidental.,https://www.imdb.com/title/tt0059578/,Amazon Prime Video
The Truman Show,The Truman Show. Historia de una vida,1998,8.2,103,A,"Comedia, Drama","Truman Burbank es un hombre ""común"". Lo que no sabe es que desde antes de nacer, es protagonista del mayor ""reality show"" mundial. Sin embargo, su curiosidad innata y sentido de la aventura lo llevaran a descubrir su verdad.",https://www.imdb.com/title/tt0120382/,Ninguna Plataforma
Judgment at Nuremberg,Juicio en Nuremberg,1961,8.3,179,A,"Drama, Guerra",En 1948 un tribunal estadounidense en la Alemania ocupada juzga a cuatro alemanes por crímenes de guerra.,https://www.imdb.com/title/tt0055031/,Amazon Prime Video
Some Like It Hot,Una Eva y dos Adanes,1959,8.2,121,A,"Comedia, Música, Romance","Dos músicos son testigos de un crimen y se dan a la fuga disfrazados de mujeres en una banda femenina, pero las cosas se complican.",https://www.imdb.com/title/tt0053291/,Ninguna Plataforma
The Kid,El chico,1921,8.2,68,A,"Comedia, Drama, Familia","Charlot cuida de un niño abandonado, pero una serie de eventos comprometen su relación con él.",https://www.imdb.com/title/tt0012349/,Ninguna Plataforma
Shutter Island,La isla siniestra,2010,8.2,138,B15,"Drama, Misterio, Suspenso","En 1954, un Marshall estadounidense investiga la desaparición de un asesino que escapó de un hospital para criminales trastornados.",https://www.imdb.com/title/tt1130884/,Ninguna Plataforma
The Father,El padre,2020,8.2,97,B,"Drama, Misterio","Un hombre rechaza la ayuda de su hija a medida que envejece y comienza a dudar de sus seres queridos, de su propia mente y de su realidad.",https://www.imdb.com/title/tt10272386/,Netflix
All About Eve,La malvada,1950,8.2,138,B,Drama,Una actriz de Broadway hace amistad con una tímida joven aspirante y no se da cuenta de que poco a poco ésta la irá reemplazando tanto en su vida profesional como personal.,https://www.imdb.com/title/tt0042192/,Ninguna Plataforma
Jurassic Park,Parque jurásico,1993,8.2,127,A,"Acción, Aventura, Ciencia ficción","Gracias al ADN fosilizado en ámbar, John Hammond da vida a varias especies de dinosaurios y crea Jurassic Park, un parque temático en una isla de Costa Rica. Pero lo que parecía un sueño se convierte rápidamente en pesadilla.",https://www.imdb.com/title/tt0107290/,"Amazon Prime Video, Netflix, Claro video"
There Will Be Blood,Petróleo sangriento,2007,8.2,158,B15,Drama,"Una historia sobre la familia, la religión, el odio, y la locura, en torno a un buscador de petróleo en los primeros días de esta industria.",https://www.imdb.com/title/tt0469494/,Ninguna Plataforma
Casino,Casino,1995,8.2,178,C,"Crimen, Drama","Un centro de avaricia, engaño, dinero, poder y asesinato. Un mafioso y un ejecutivo se enfrentan por un imperio de las apuestas.",https://www.imdb.com/title/tt0112641/,Amazon Prime Video
The Sixth Sense,El sexto sentido,1999,8.2,107,C,"Drama, Misterio, Suspenso",Un niño que se comunica con los espíritus busca la ayuda de un psicólogo infantil sin sentimientos.,https://www.imdb.com/title/tt0167404/,Disney Plus
Ran,Ran,1985,8.2,160,AA,"Acción, Drama, Guerra","En el Japón medieval, un anciano señor feudal decide abdicar y entregar sus dominios a sus tres hijos. Pero no es capaz de ver que estos nuevos poderes los corromperán y harán que acaben enfrentándose los unos a los otros y contra él.",https://www.imdb.com/title/tt0089881/,MUBI
Top Gun: Maverick,Top Gun: Maverick,2022,8.2,130,B,"Acción, Drama","Después de más de treinta años de servicio como uno de los mejores aviadores de la Armada, Pete Mitchell vuelve donde pertenece, siendo un valiente piloto de pruebas y esquivando un avance de rango que lo castigaría.",https://www.imdb.com/title/tt1745960/,Ninguna Plataforma
No Country for Old Men,Sin lugar para los débiles,2007,8.2,122,C,"Crimen, Drama, Suspenso","La violencia y el caos se producen después de que un cazador de antílopes, descubre un cargamento de heroína y dos millones de dólares en efectivo.",https://www.imdb.com/title/tt0477348/,Ninguna Plataforma
The Thing,La cosa del otro mundo,1982,8.2,109,C,"Terror, Misterio, Ciencia ficción",Un equipo de investigadores en Antártica es perseguido por un alíen que cambia de forma y asume la apariencia de sus víctimas.,https://www.imdb.com/title/tt0084787/,Ninguna Plataforma
El laberinto del fauno,El laberinto del fauno,2006,8.2,118,B15,"Drama, Fantasía, Guerra","La joven hijastra de un sádico oficial del ejército escapa a un mundo de fantasía misterioso pero cautivador, ambientado en la España de los años 40.",https://www.imdb.com/title/tt0457430/,Ninguna Plataforma
Unforgiven,Los imperdonables,1992,8.2,130,B,"Drama, Oeste",El pistolero del viejo oeste William Munny acepta a regañadientes un último trabajo con ayuda de su viejo compañero y de un joven.,https://www.imdb.com/title/tt0105695/,Max
A Beautiful Mind,Una mente brillante,2001,8.2,135,B,"Biografía, Drama, Misterio",La vida del brillante pero asocial matemático John Nash toma un giro cuando acepta un trabajo secreto en criptografía.,https://www.imdb.com/title/tt0268978/,Ninguna Plataforma
Kill Bill: Vol. 1,Kill Bill. La venganza (volumen 1),2003,8.2,111,C,"Acción, Crimen, Suspenso","Después de despertar de un coma de cuatro años, un ex asesino se vengó del equipo de asesinos que la traicionaron.",https://www.imdb.com/title/tt0266697/,Amazon Prime Video
The Treasure of the Sierra Madre,El tesoro de la Sierra Madre,1948,8.2,126,A,"Aventura, Drama, Oeste",Dos norteamericanos en México convencen a un hombre para que los ayude a extraer oro en las montañas de Sierra Madre.,https://www.imdb.com/title/tt0040897/,Ninguna Plataforma
Prisoners,Intriga,2013,8.2,153,B15,"Crimen, Drama, Misterio","Cuando la hija de Keller Dover y su amiga desaparecen, él toma la justicia en sus propias manos mientras la policía persigue múltiples pistas.",https://www.imdb.com/title/tt1392214/,"MUBI, FilmBox+"
Yôjinbô,Yojimbo,1961,8.2,110,B,"Acción, Drama, Suspenso",Un astuto samurái ronin llega a un pueblo dividido por dos bandas criminales y decide enfrentar a una contra otra para liberar el pueblo.,https://www.imdb.com/title/tt0055630/,Ninguna Plataforma
Finding Nemo,Buscando a Nemo,2003,8.2,100,AA,"Animación, Aventura, Comedia","Cuando su hijo es capturado, un tímido pez payaso se embarca en un viaje para traerlo a casa.",https://www.imdb.com/title/tt0266543/,Disney Plus
The Great Escape,El gran escape,1963,8.2,172,Approved,"Aventura, Drama, Suspenso",Los prisioneros de guerra Aliados planean fugarse de un campamento alemán durante la Segunda Guerra Mundial.,https://www.imdb.com/title/tt0057115/,Amazon Prime Video
Monty Python and the Holy Grail,Monty Python y el santo grial,1975,8.2,91,S/C,"Aventura, Comedia, Fantasía","El Rey Arturo y sus Caballeros de la Mesa Redonda se embarcan en una búsqueda surrealista y de bajo presupuesto del Santo Grial, encontrando múltiples obstáculos estúpidos.",https://www.imdb.com/title/tt0071853/,Ninguna Plataforma
Hauru no ugoku shiro,El increíble castillo vagabundo,2004,8.2,119,A,"Animación, Aventura, Familia",Una joven sin confianza en sí misma es maldecida con un cuerpo envejecido por una bruja odiosa. Su única oportunidad de romper el hechizo es un joven brujo en un castillo ambulante.,https://www.imdb.com/title/tt0347149/,Netflix
The Elephant Man,El hombre elefante,1980,8.2,124,B,"Biografía, Drama","Un cirujano misterioso da asilo a un hombre desfigurado que se gana la vida como artista de circo, pero que detrás de su terrible apariencia tiene un gran corazón.",https://www.imdb.com/title/tt0080678/,Ninguna Plataforma
Ainda Estou Aqui,Aún estoy aquí,2024,8.4,137,B,"Biografía, Drama, Historia","Basado en las memorias más vendidas de Marcelo Rubens Paiva, en las que su madre se ve obligada a hacer activismo cuando su esposo fue capturado por un régimen militar en Brasil, en 1971.",https://www.imdb.com/title/tt14961016/,Ninguna Plataforma
Dial M for Murder,Con M de Muerte,1954,8.2,105,B,"Crimen, Drama, Misterio","Un ex jugador de tenis decide matar a su esposa para heredar su dinero y vengarse de un caso que ella había tenido. Para deshacerse de la culpa, usa a un antiguo colega de la universidad. Pero las cosas no saldrán según lo planeado.",https://www.imdb.com/title/tt0046912/,Ninguna Plataforma
Gone with the Wind,Lo que el viento se llevó,1939,8.2,238,B,"Drama, Romance, Guerra",Una mujer manipuladora y un oportunista se embarcan en un turbulento romance mientras la sociedad a su alrededor se desmorona con el fin de la esclavitud y se reconstruye durante la Guerra Civil Americana y el periodo de Reconstrucción.,https://www.imdb.com/title/tt0031381/,Max
Rashômon,Rashomon,1950,8.2,88,B,"Crimen, Drama, Misterio","La violación de una novia y el asesinato de su marido samurái desde el punto de vista de un bandido, de la novia, del fantasma del samurái y de un leñador.",https://www.imdb.com/title/tt0042876/,Ninguna Plataforma
Klaus,Klaus,2019,8.2,96,PG,"Animación, Aventura, Comedia","Cuando el nuevo cartero de Smeerensburg, Jesper, se hace amigo del fabricante de juguetes Klaus, sus regalos hacen que una vieja pelea entre ellos se olvide y entregan un trineo lleno de tradiciones navideñas.",https://www.imdb.com/title/tt4729430/,Netflix
Chinatown,Barrio Chino,1974,8.1,130,B15,"Drama, Misterio, Suspenso","Un detective privado contratado para desenmascarar a un adúltero se ve atrapado en una red de engaño, corrupción y asesinato.",https://www.imdb.com/title/tt0071315/,Ninguna Plataforma
El secreto de sus ojos,El secreto de sus ojos,2009,8.2,129,B,"Drama, Misterio, Romance",Un asesor legal retirado escribe una novela con la esperanza de cerrar el ciclo de casos de homicidio sin resolver que todavía lo persiguen.,https://www.imdb.com/title/tt1305806/,Ninguna Plataforma
"Lock, Stock and Two Smoking Barrels","Juegos, trampas y dos pistolas humeantes",1998,8.1,107,C,"Comedia, Crimen","Una partida de cartas en Londres desencadena un enfrentamiento entre cuatro amigos, plantadores de maría, gánsteres, prestamistas y recolectores de deudas en una serie de curiosos eventos, todo por algo de maría, dinero y dos viejas pistolas.",https://www.imdb.com/title/tt0120735/,Ninguna Plataforma
V for Vendetta,V de venganza,2005,8.1,132,B15,"Acción, Drama, Ciencia ficción","En un futuro de tiranía británica, un luchador clandestino conocido como ""V"" trama un complot para derrocar la tiranía con la ayuda de una joven.",https://www.imdb.com/title/tt0434409/,Ninguna Plataforma
Inside Out,Intensa Mente,2015,8.1,95,AA,"Animación, Aventura, Comedia","Riley es una chica que padece toda clase de sentimientos, y aunque su vida ha estado marcada por la alegría, también se ve afectada por otras emociones. Una serie de acontecimientos hacen que Alegría y Tristeza se mezclen en una peligrosa aventura que dará un vuelco al mundo de Riley.",https://www.imdb.com/title/tt2096673/,Ninguna Plataforma
The Wild Robot,Robot Salvaje,2024,8.2,102,A,"Animación, Ciencia ficción","Tras un naufragio, un robot inteligente llamado Roz queda varado en una isla deshabitada. Para sobrevivir al duro entorno, Roz establece vínculos con los animales de la isla y cuida de una cría de ganso huérfana.",https://www.imdb.com/title/tt29623480/,Ninguna Plataforma
"Three Billboards Outside Ebbing, Missouri",Tres anuncios por un crimen,2017,8.1,115,B15,"Comedia, Crimen, Drama",Una madre desafía personalmente a las autoridades locales a resolver el asesinato de su hija cuando no logran atrapar al culpable.,https://www.imdb.com/title/tt5027774/,Disney Plus
The Bridge on the River Kwai,El puente sobre el río Kwai,1957,8.1,161,PG,"Aventura, Drama, Guerra",Un coronel británico y sus hombres cooperan con fuerzas japonesas en la construcción de un puente sin saber que los Aliados planean destruirlo.,https://www.imdb.com/title/tt0050212/,Ninguna Plataforma
Trainspotting,Trainspotting: La vida en el abismo,1996,8.1,93,C,Drama,"Renton, profundamente inmerso en el mundo de las drogas en Edimburgo, trata de salirse del entorno a pesar de la mala influencia de los amigos.",https://www.imdb.com/title/tt0117951/,Ninguna Plataforma
Raging Bull,El toro salvaje,1980,8.1,129,C,"Biografía, Drama, Deportes","La vida del boxeador Jake LaMotta, que ve cómo la violencia y el temperamento que lo llevan a lo más alto en el ring, destruyen su vida fuera de él.",https://www.imdb.com/title/tt0081398/,Ninguna Plataforma
Catch Me If You Can,Atrápame si puedes,2002,8.1,141,B,"Biografía, Crimen, Drama","Un veterano agente del FBI le sigue la pista a Frank Abagnale Jr., quien antes de cumplir 19 años ha forjado millones de dólares en cheques haciéndose pasar por piloto, doctor y abogado.",https://www.imdb.com/title/tt0264464/,Ninguna Plataforma
Fargo,Fargo. Secuestro voluntario,1996,8.1,98,B15,"Crimen, Drama, Suspenso",Los crímenes de Jerry Lundegaard se caen a pedazos gracias a la torpeza de sus hombres y al persistente trabajo de la oficial de policía Marge Gunderson.,https://www.imdb.com/title/tt0116282/,Ninguna Plataforma
Warrior,La última pelea,2011,8.1,140,B,"Acción, Drama, Deportes","El hijo pequeño de un ex boxeador alcohólico vuelve a casa, donde su padre le entrena para un torneo de artes marciales mixtas.",https://www.imdb.com/title/tt1291584/,"Max, Netflix"
Harry Potter and the Deathly Hallows - Part 2,Harry Potter y las reliquias de la muerte (parte 2),2011,8.1,130,PG,"Aventura, Familia, Fantasía","Harry, Ron y Hermione buscan los Horcruxes restantes de Voldemort en su esfuerzo por destruir al Señor Oscuro mientras la batalla final continúa en Hogwarts.",https://www.imdb.com/title/tt1201607/,Max
Gran Torino,Gran Torino,2008,8.1,116,B,Drama,"Walt Kowalski, un veterano de la Guerra de Corea, intenta reformar a su vecino adolescente cuando este intenta robarle su posesión más preciada: un Gran Torino de 1972.",https://www.imdb.com/title/tt1205489/,Ninguna Plataforma
Million Dollar Baby,Golpes del destino,2004,8.1,132,B,"Drama, Deportes",Una mujer llena de determinación se prepara para convertirse en profesional del boxeo con ayuda de su entrenador.,https://www.imdb.com/title/tt0405159/,"Amazon Prime Video, Netflix, MUBI, Claro video"
Tonari no Totoro,Mi vecino Totoro,1988,8.1,86,A,"Animación, Comedia, Familia","Cuando dos jóvenes chicas se mudan al campo para estar cerca de su madre enferma, tienen aventuras con los maravillosos espíritus del bosque que viven cerca.",https://www.imdb.com/title/tt0096283/,Ninguna Plataforma
Spider-Man: No Way Home,Spider-Man: Sin Camino A Casa,2021,8.2,148,B,"Acción, Aventura, Fantasía","Con la identidad de Spider-Man revelada, Peter le pide ayuda al Doctor Strange. Cuando un hechizo sale mal, comienzan a aparecer enemigos de otros mundos, lo que obliga a Peter a descubrir lo que realmente significa ser Spider-Man.",https://www.imdb.com/title/tt10872600/,Netflix
Mad Max: Fury Road,Mad Max: Furia en el camino,2015,8.1,120,B-15,"Acción, Aventura, Ciencia ficción","En un lugar post-apocalíptico, una mujer se rebela contra un gobernante tiránico en busca de su tierra natal con la ayuda de un grupo de mujeres prisioneras, un devoto psicótico y un vagabundo llamado Max.",https://www.imdb.com/title/tt1392190/,"Amazon Prime Video, Max"
Ben-Hur,Ben-Hur,1959,8.1,212,7,"Aventura, Drama","Cuando un príncipe de Jerusalén es traicionado y enviado a la esclavitud por un amigo romano, recupera su libertad y regresa para vengarse.",https://www.imdb.com/title/tt0052618/,Ninguna Plataforma
Bacheha-ye aseman,Los niños del cielo,1997,8.2,89,PG,"Drama, Familia, Deportes","Los zapatos de Zohre se han perdido, su hermano mayor Ali se los perdió e intentará encontrárselos de nuevo.",https://www.imdb.com/title/tt0118849/,Ninguna Plataforma
Barry Lyndon,Barry Lyndon,1975,8.1,185,B,"Aventura, Drama, Guerra",Un irlandés sin escrúpulos enamora a una viuda adinerada y adopta la posición aristocrática que ocupaba su marido en la Inglaterra del siglo 18.,https://www.imdb.com/title/tt0072684/,Ninguna Plataforma
12 Years a Slave,12 años esclavo,2013,8.1,134,B15,"Biografía, Drama, Historia","En los Estados Unidos antes de la guerra, Solomon Northup, un hombre negro libre del estado de Nueva York, es secuestrado y vendido como esclavo.",https://www.imdb.com/title/tt2024544/,Amazon Prime Video
Before Sunrise,Antes del amanecer,1995,8.1,101,A,"Drama, Romance","Un joven y una mujer se conocen en un tren en Europa y terminan pasando una noche juntos en Viena. Desafortunadamente, ambos saben que esta será probablemente la única noche que estén juntos.",https://www.imdb.com/title/tt0112471/,Ninguna Plataforma
Dead Poets Society,La sociedad de los poetas muertos,1989,8.1,128,B,"Comedia, Drama",Un profesor de inglés inspira a sus alumnos a mirar la poesía con una perspectiva diferente.,https://www.imdb.com/title/tt0097165/,Disney Plus
Blade Runner,Blade Runner,1982,8.1,117,C,"Acción, Drama, Ciencia ficción",Un cazador implacable debe perseguir y acabar con los que robaron una nave en el espacio y han regresado a la Tierra para encontrar a su creador.,https://www.imdb.com/title/tt0083658/,Ninguna Plataforma
The Grand Budapest Hotel,El gran hotel Budapest,2014,8.1,99,B15,"Aventura, Comedia, Crimen","Relata las aventuras de Gustave, un legendario conserje en un hotel de la ficticia República de Zubrowka, y Zero Moustafa, el chico del lobby que se convierte en su amigo más confiable.",https://www.imdb.com/title/tt2278388/,Disney Plus
Hacksaw Ridge,Hasta el último hombre,2016,8.1,139,B15,"Biografía, Drama, Historia","El médico del ejército estadounidense Desmond T. Doss, se niega a matar personas y se convierte en el primer hombre en la historia de Estados Unidos en recibir la Medalla de Honor sin disparar un tiro.",https://www.imdb.com/title/tt2119532/,Max
Gone Girl,Perdida,2014,8.1,149,B15,"Drama, Misterio, Suspenso","Tras la desaparición de su esposa,un hombre se ve atrapado en un gran circo formado por los medios, cuando se sospecha que él puede ser el culpable.",https://www.imdb.com/title/tt2267998/,Disney Plus
Salinui chueok,Salinui chueok,2003,8.1,131,18+,"Crimen, Drama, Misterio","En una pequeña provincia coreana en 1986, tres detectives buscan al culpable de una serie de violaciones y asesinatos de mujeres jóvenes.",https://www.imdb.com/title/tt0353969/,Ninguna Plataforma
In the Name of the Father,En el nombre del padre,1993,8.1,133,B,"Biografía, Crimen, Drama",La confesión forzada de un hombre sobre un atentado del IRA que no cometió tuvo como resultado el encarcelamiento de su padre también. Un abogado inglés lucha por liberar a ambos.,https://www.imdb.com/title/tt0107207/,Ninguna Plataforma
"Monsters, Inc.","Monsters, Inc.",2001,8.1,92,AA,"Animación, Aventura, Comedia","Para alimentar la ciudad, los monstruos tienen que asustar a los niños para que griten. Sin embargo, los niños son tóxicos para los monstruos, y después de que un niño pasa, dos monstruos se dan cuenta de que las cosas pueden no ser lo que ellos piensan.",https://www.imdb.com/title/tt0198781/,Disney Plus
Ratatouille,Ratatouille,2007,8.1,111,A,"Animación, Aventura, Comedia",Una rata que puede cocinar forja una inusual alianza con un joven en un famoso restaurante de París.,https://www.imdb.com/title/tt0382932/,Disney Plus
The Gold Rush,La quimera del oro,1925,8.1,95,Approved,"Aventura, Comedia, Drama","Un buscador de oro se va en busca de fortuna al Klondike, y encuentra oro y mucho más.",https://www.imdb.com/title/tt0015864/,Ninguna Plataforma
Relatos salvajes,Relatos salvajes,2014,8.1,122,B-15,"Comedia, Drama, Suspenso","Seis historias que alternan la intriga, la comedia, la violencia, y en donde sus personajes se verán empujados hacia el abismo y hacia el innegable placer de perder el control, cruzando la delgada línea que separa la civilización de la barbarie.",https://www.imdb.com/title/tt3011894/,Max
How to Train Your Dragon,Cómo entrenar a tu dragón,2010,8.1,98,AA,"Animación, Acción, Aventura","Un joven vikingo desventurado que aspira a cazar dragones se convierte en el improbable amigo de un joven dragón, y descubre que las criaturas pueden tener más de lo que él suponía.",https://www.imdb.com/title/tt0892769/,Claro video
Sherlock Jr.,Sherlock Jr.,1924,8.2,45,Passed,"Acción, Comedia, Romance",Un proyeccionista anhela convertirse en detective y la oportunidad se le presenta cuando un competidor le tiende una trampa.,https://www.imdb.com/title/tt0015324/,Ninguna Plataforma
Jaws,Tiburón,1975,8.1,124,B,"Aventura, Drama, Terror","Cuando un tiburón asesino desata el caos en una playa, un sheriff local, un biólogo marino y un viejo marinero deberan dar cazar al animal.",https://www.imdb.com/title/tt0073195/,"Amazon Prime Video, Claro video"
Mary and Max.,Mary and Max,2009,8.1,92,B,"Animación, Comedia, Drama","La larga amistad por correspondencia entre un judío de Nueva York, y una niña australiana de 8 años que vive en los suburbios de Melbourne.",https://www.imdb.com/title/tt0978762/,Ninguna Plataforma
The Deer Hunter,El francotirador,1978,8.1,183,C,"Drama, Guerra",Un detallado retrato de las formas en que la Guerra de Vietnam interrumpió las vidas de los habitantes de una pequeña ciudad industrial de Pennsylvania.,https://www.imdb.com/title/tt0077416/,Ninguna Plataforma
The General,La General,1926,8.1,78,A,"Acción, Aventura, Comedia","Cuando unos espías de la Unión roban la amada locomotora de un maquinista, este les persigue en solitario a través de las líneas enemigas.",https://www.imdb.com/title/tt0017925/,Ninguna Plataforma
Ford v Ferrari,Contra lo imposible,2019,8.1,152,B,"Acción, Biografía, Drama","El diseñador de carros Carroll Shelby y el conductor Ken Miles luchan contra interferencias en la empresa, las leyes de la física y sus demonios personales al construir un revolucionario carro de carreras para Ford y retar a Ferrari en Le Mans en 1966.",https://www.imdb.com/title/tt1950186/,"Disney Plus, Amazon Prime Video"
Le salaire de la peur,El salario del miedo,1953,8.1,156,Not Rated,"Aventura, Drama, Suspenso","En un ruinoso pueblo de América del Sur, contratan a cuatro hombres para el transporte urgente de un cargamento de nitroglicerina sin las condiciones necesarias de seguridad.",https://www.imdb.com/title/tt0046268/,Ninguna Plataforma
On the Waterfront,Nido de ratas,1954,8.1,108,A,"Crimen, Drama, Suspenso","Un ex boxeador de Nueva Jersey, ahora trabajador portuario, lucha por enfrentarse a sus jefes sindicales corruptos, incluido su hermano mayor, mientras comienza a conectar con la hermana de una de las víctimas del sindicato.",https://www.imdb.com/title/tt0047296/,Max
Mr. Smith Goes to Washington,Caballero sin espada,1939,8.1,129,Approved,"Comedia, Drama","Se nombra a un hombre ingenuo para cubrir una vacante en el Senado de los Estados Unidos. Sus planes chocan rápidamente con la corrupción política, pero no retrocede.",https://www.imdb.com/title/tt0031679/,Ninguna Plataforma
Smultronstället,Fresas silvestres,1957,8.1,92,B15,"Drama, Romance","Después de vivir una vida marcada por la frialdad, un profesor debe hacer frente en su vejez al vacío de su existencia.",https://www.imdb.com/title/tt0050986/,Ninguna Plataforma
Logan,Logan. Wolverine,2017,8.1,137,C,"Acción, Drama, Ciencia ficción","En un futuro donde casi todos los mutantes están extintos, el joven Logan vive modestamente hasta que Laura, una niña mutante, es perseguida por científicos.",https://www.imdb.com/title/tt3315342/,Disney Plus
The Third Man,El tercer hombre,1949,8.1,104,16,"Drama, Cine negro, Misterio","La novelista Holly Martins viaja a la Viena de posguerra y acaba investigando la misteriosa muerte de un viejo amigo, Harry Lime.",https://www.imdb.com/title/tt0041959/,Ninguna Plataforma
Rocky,Rocky,1976,8.1,120,A,"Drama, Deportes",Un boxeador novato tiene una oportunidad extraordinariamente rara de pelear contra un campeón de peso pesado en una pelea en la que se esforzará por ganar respeto.,https://www.imdb.com/title/tt0075148/,Ninguna Plataforma
Maharaja,Maharaja,2024,8.4,141,Desconocido,"Acción, Crimen, Drama","Un barbero busca venganza después de un robo en su casa y le dice crípticamente a la policía que se han llevado su ""lakshmi"", lo que los deja sin saber si se trata de una persona u objeto. Su afán por recuperarlo se despliega.",https://www.imdb.com/title/tt26548265/,Netflix
Tôkyô monogatari,Cuentos de Tokio,1953,8.1,137,A,Drama,"Un matrimonio de ancianos viaja a Tokio a visitar a sus hijos pero encuentran indiferencia, ingratitud egoísmo y una marcada diferencia cultural. Cuando los impacientes hijos envían a los ancianos de vuelta a casa, entramos en una profunda reflexión acerca de la mortalidad y la familia.",https://www.imdb.com/title/tt0046438/,Ninguna Plataforma
The Big Lebowski,El gran Lebowski: Identidad peligrosa,1998,8.1,117,B-15,"Comedia, Crimen","El nota, un vago que vive en Los Angeles, un día es confundido por un par de matones con un millonario con quien sólo comparte apellido. Después de que orinen en su alfombra, el Nota inicia la búsqueda del magnate.",https://www.imdb.com/title/tt0118715/,Ninguna Plataforma
Spotlight,En primera plana,2015,8.1,129,B,"Biografía, Crimen, Drama","La sorprendente historia de cómo el Boston Globe descubrió el escándalo masivo de abuso infantil dentro de una Arquidiócesis Católica, sacudiendo así a toda la Iglesia.",https://www.imdb.com/title/tt1895587/,Ninguna Plataforma
Det sjunde inseglet,El séptimo sello,1957,8.1,96,B,"Drama, Fantasía","Un hombre busca respuestas sobre la vida, la muerte y la existencia de Dios mientras juega al ajedrez contra la muerte durante la Peste Negra.",https://www.imdb.com/title/tt0050976/,Ninguna Plataforma
The Terminator,Terminator,1984,8.1,107,B,"Acción, Aventura, Ciencia ficción","Un robot aparentemente indestructible es enviado a 1984 para asesinar a una camarera, cuyo hijo no nacido dirigirá a la humanidad en una guerra contra máquinas inteligentes, mientras que un soldado humano de la misma guerra es enviado para protegerla a toda costa.",https://www.imdb.com/title/tt0088247/,Ninguna Plataforma
Room,La Habitacion,2015,8.1,118,B,"Drama, Suspenso","Tras permanecer cautivos en un espacio cerrado durante años, una madre y su hijo encuentran la libertad, permitiéndole al niño experimentar el mundo exterior por primera vez.",https://www.imdb.com/title/tt3170832/,Max
Pirates of the Caribbean: The Curse of the Black Pearl,Piratas del Caribe: La maldición de la Perla Negra,2003,8.1,143,B,"Acción, Aventura, Fantasía","El herrero Will Turner se une al Capitán Jack Sparrow para salvar a su amor, la hija del gobernador, de los antiguos aliados piratas de Jack, que ahora resultan estar vivos.",https://www.imdb.com/title/tt0325980/,Disney Plus
La haine,El odio,1995,8.1,98,C,"Crimen, Drama",Veinticuatro horas en la vida de tres jóvenes en los suburbios franceses un día después de un violento amotinamiento.,https://www.imdb.com/title/tt0113247/,Ninguna Plataforma
Jai Bhim,Jai Bhim,2021,8.7,164,Approved,"Crimen, Drama","Cuando un hombre de una tribu es arrestado por un caso de presunto robo, su esposa recurre a un abogado de derechos humanos para que la ayude a hacer justicia.",https://www.imdb.com/title/tt15097216/,Amazon Prime Video
Hotel Rwanda,Hotel Ruanda,2004,8.1,121,B,"Biografía, Drama, Historia",Paul Rusesabagina fue un gerente de hotel que dio refugio a miles de refugiados Tutsi durante sus esfuerzos contra la milicia Hutu en Ruanda.,https://www.imdb.com/title/tt0395169/,Ninguna Plataforma
Platoon,Pelotón,1986,8.1,120,B15,"Drama, Guerra",Un joven soldado en Vietnam se enfrenta a una crisis moral cuando se enfrenta a los horrores de la guerra y a la dualidad del hombre.,https://www.imdb.com/title/tt0091763/,Ninguna Plataforma
Before Sunset,Antes del atardecer,2004,8.1,80,B,"Drama, Romance","Nueve años después de conocerse, Jesse y Celine se reencuentran durante la gira del libro de Jesse en Francia.",https://www.imdb.com/title/tt0381681/,Ninguna Plataforma
The Best Years of Our Lives,Los mejores años de nuestras vidas,1946,8.1,170,Approved,"Drama, Romance, Guerra","Tres hombres que regresan de la guerra a su ciudad realizan juntos la etapa final del viaje y entablan amistad. Cada uno se encuentra, a su manera, con dificultades para adaptarse de nuevo a una vida normal.",https://www.imdb.com/title/tt0036868/,Ninguna Plataforma
The Exorcist,El exorcista,1973,8.1,122,C,Terror,"Cuando una adolescente es poseída por una entidad misteriosa, su madre busca la ayuda de dos sacerdotes para salvar a su hija.",https://www.imdb.com/title/tt0070047/,Max
La passion de Jeanne d'Arc,La pasión de Juana de Arco,1928,8.1,110,B,"Biografía, Drama, Historia","La joven francesa Juana de Arco, salvadora de la patria frente a los ingleses, y que declara sentirse inspirada directamente por Dios, se enfrenta a su procesamiento y a una posible condena a muerte.",https://www.imdb.com/title/tt0019254/,Ninguna Plataforma
The Wizard of Oz,El mago de Oz,1939,8.1,102,A,"Aventura, Familia, Fantasía","Dorothy Gale es arrastrada por un tornado desde una granja en Kansas a la mágica tierra de Oz, y se embarca en una misión con sus nuevos amigos para encontrar al Mago que pueda ayudarla a volver a casa y ayudar a sus amigos.",https://www.imdb.com/title/tt0032138/,Ninguna Plataforma
The Incredibles,Los increíbles,2004,8.0,115,A,"Animación, Acción, Aventura",Una familia de superhéroes encubiertos tratando de vivir una tranquila vida suburbana se ven obligados a actuar para salvar al mundo.,https://www.imdb.com/title/tt0317705/,Disney Plus
The Sound of Music,La novicia rebelde,1965,8.1,172,A,"Biografía, Drama, Familia",Una mujer abandona un convento austríaco para convertirse en la aprendiz de los hijos de un oficial naval viudo.,https://www.imdb.com/title/tt0059742/,Ninguna Plataforma
Rush,Rush: Pasión y gloria,2013,8.1,123,B15,"Biografía, Drama, Deportes","La implacable rivalidad de los años setenta entre los pilotos de fórmula uno, James Hunt y Niki Lauda.",https://www.imdb.com/title/tt1979320/,"Adrenalina Pura Amazon channel, Adrenalina Pura Apple TV channel"
Hachi: A Dog's Tale,Siempre a tu lado,2009,8.1,93,A,"Biografía, Drama, Familia",Un profesor universitario crea un vínculo con un perro abandonado al que acoge.,https://www.imdb.com/title/tt1028532/,Amazon Prime Video
Stand by Me,Cuenta conmigo,1986,8.1,89,B,"Aventura, Comedia, Drama","Tras la muerte de un amigo, un escritor recuerda un viaje de juventud para encontrar el cuerpo de un chico desaparecido.",https://www.imdb.com/title/tt0092005/,Ninguna Plataforma
Kimetsu no Yaiba: Tsuzumi Yashiki-hen,Kimetsu no Yaiba: Tsuzumi Yashiki Hen,2021,8.5,87,Desconocido,"Animación, Acción, Fantasía","Tanjiro se aventura hacia el sur-sureste, donde se encuentra con un joven cobarde llamado Zenitsu Agatsuma. Es un compañero superviviente de la Selección Final y su gorrión le pide a Tanjiro que le ayude a mantenerlo a raya.",https://www.imdb.com/title/tt16492678/,Ninguna Plataforma
Network,Poder que mata,1976,8.1,121,R,Drama,Una cadena de televisión explota cínicamente los desvaríos y las revelaciones de un antiguo miembro para su propio beneficio.,https://www.imdb.com/title/tt0074958/,Ninguna Plataforma
Babam ve Oglum,Mi padre y mi hijo,2005,8.2,112,Not Rated,"Drama, Familia",La familia de un periodista de izquierda queda destrozada tras el golpe militar de Turquía en 1980.,https://www.imdb.com/title/tt0476735/,Ninguna Plataforma
Ah-ga-ssi,The Handmaiden,2016,8.1,145,B15,"Drama, Romance, Suspenso","Una mujer es contratada como sirvienta de una heredera japonesa, pero en secreto está involucrada en un complot para robar su herencia.",https://www.imdb.com/title/tt4016934/,FilmBox+
The Iron Giant,El gigante de hierro,1999,8.1,86,A,"Animación, Acción, Aventura",Un joven se hace amigo de un robot gigante del espacio exterior al que un agente paranoico del gobierno quiere destruir.,https://www.imdb.com/title/tt0129167/,Ninguna Plataforma
To Be or Not to Be,Ser o no ser,1942,8.1,99,Approved,"Comedia, Romance, Guerra","Durante la ocupación nazi de Polonia, un grupo de actores se ve envuelto en las actividades de un soldado polaco que intenta encontrar a un espía alemán.",https://www.imdb.com/title/tt0035446/,Ninguna Plataforma
La battaglia di Algeri,La batalla de Argel,1966,8.1,121,Not Rated,"Drama, Guerra","En la década de los 50, el miedo y la violencia aumentan a medida que la gente de Algiers lucha por la independencia del gobierno francés.",https://www.imdb.com/title/tt0058946/,Ninguna Plataforma
Into the Wild,Camino salvaje,2007,8.1,148,B15,"Aventura, Biografía, Drama","Tras graduarse, Christopher abandona todas sus posesiones, dona todo su dinero a la caridad, y camina hasta Alaska, donde vive en el bosque. A lo largo de su viaje, encuentra a varios personajes que dan forma a su vida.",https://www.imdb.com/title/tt0758758/,Ninguna Plataforma
The Grapes of Wrath,Las viñas de la ira,1940,8.1,129,B,Drama,"Una familia pobre del Medio Oeste se ve obligada a abandonar sus tierras. Viajan a California, sufriendo las desgracias de las personas sin hogar en la Gran Depresión.",https://www.imdb.com/title/tt0032551/,Ninguna Plataforma
Groundhog Day,Hechizo del tiempo,1993,8.0,101,A,"Comedia, Drama, Fantasía",Un hombre del tiempo revive inexplicablemente el mismo día una y otra vez.,https://www.imdb.com/title/tt0107048/,Ninguna Plataforma
Koe no katachi,Una voz silenciosa: Koe No Katachi,2016,8.1,130,B,"Animación, Drama","Un joven es condenado al ostracismo por sus compañeros de clase tras intimidar a una chica sorda hasta el punto de hacerla cambiar de escuela. Años más tarde, emprende el camino hacia la redención.",https://www.imdb.com/title/tt5323662/,Ninguna Plataforma
The Help,Historias cruzadas,2011,8.1,146,B,Drama,Un aspirante a autor durante el movimiento de derechos civiles de la década de 1960 decide escribir un libro que detalla el punto de vista de las sirvientas afroamericanas sobre las familias blancas para las que trabajan y las dificultades que atraviesan a diario.,https://www.imdb.com/title/tt1454029/,Disney Plus
Amores perros,Amores perros,2000,8.0,154,C,"Drama, Suspenso","Un horrible accidente automovilístico conecta tres historias, cada una de las cuales involucra personajes que tratan con la pérdida, el arrepentimiento y las duras realidades de la vida, todo en nombre del amor.",https://www.imdb.com/title/tt0245712/,Netflix
Rebecca,"Rebeca, una mujer inolvidable",1940,8.1,130,B,"Drama, Misterio, Romance",Una exitosa mujer de negocios entra en un juego peligroso cuando decide seguirle la pista al hombre que la violó.,https://www.imdb.com/title/tt0032976/,Ninguna Plataforma
Drishyam,Drishyam,2015,8.2,163,Not Rated,"Crimen, Drama, Misterio","Un hombre toma medidas desesperadas que intentan salvar a su familia del lado oscuro de la ley, luego de que cometen un crimen inesperado.",https://www.imdb.com/title/tt4430212/,Netflix
